_id,genero,nome,registro 
67cb1c97fceaf3c5b514f26e,male,Samu,2021-05-23
67cb1c97fceaf3c5b514f26f,male,حسین,2018-03-28
67cb1c97fceaf3c5b514f270,female,Nanna,2010-04-12
67cb1c97fceaf3c5b514f271,male,Riley,2011-03-12
67cb1c97fceaf3c5b514f272,male,Dale,2013-09-19
67cb1c97fceaf3c5b514f273,male,Alex,2016-12-19
67cb1c97fceaf3c5b514f274,male,Darren,2012-05-12
67cb1c97fceaf3c5b514f275,female,Beatrice,2018-04-25
67cb1c97fceaf3c5b514f276,female,Amanda,2021-12-12
67cb1c97fceaf3c5b514f277,female,Kristiane,2021-07-26
67cb1c97fceaf3c5b514f278,female,Marinalva,2008-11-30
67cb1c97fceaf3c5b514f279,female,Rosália,2016-11-22
67cb1c97fceaf3c5b514f27a,male,Edward,2004-06-14
67cb1c97fceaf3c5b514f27b,female,Victoria,2004-11-06
67cb1c97fceaf3c5b514f27c,female,Ana,2003-11-02
67cb1c97fceaf3c5b514f27d,male,Javier,2014-11-04
67cb1c97fceaf3c5b514f27e,female,Celina,2005-10-11
67cb1c97fceaf3c5b514f27f,male,Noe,2013-10-20
67cb1c97fceaf3c5b514f280,male,Wade,2010-05-03
67cb1c97fceaf3c5b514f281,female,Loane,2016-01-16
67cb1c97fceaf3c5b514f282,male,Kasper,2012-03-25
67cb1c97fceaf3c5b514f283,male,Bojan,2006-02-16
67cb1c97fceaf3c5b514f284,male,Lester,2004-10-24
67cb1c97fceaf3c5b514f285,female,کیمیا,2011-06-28
67cb1c97fceaf3c5b514f286,male,Dwarakanath,2002-09-20
67cb1c97fceaf3c5b514f287,male,Max,2003-04-15
67cb1c97fceaf3c5b514f288,male,Lance,2013-10-12
67cb1c97fceaf3c5b514f289,female,Olivia,2010-09-05
67cb1c97fceaf3c5b514f28a,female,Sarah,2013-09-04
67cb1c97fceaf3c5b514f28b,female,مریم,2006-03-29
67cb1c97fceaf3c5b514f28c,male,Alex,2017-04-03
67cb1c97fceaf3c5b514f28d,male,Luca,2006-12-05
67cb1c97fceaf3c5b514f28e,male,Steve,2020-11-13
67cb1c97fceaf3c5b514f28f,male,Décio,2013-11-08
67cb1c97fceaf3c5b514f290,male,محمد,2002-04-28
67cb1c97fceaf3c5b514f291,female,Antonia,2008-08-01
67cb1c97fceaf3c5b514f292,female,Afşar,2009-04-18
67cb1c97fceaf3c5b514f293,male,Bertjan,2007-03-07
67cb1c97fceaf3c5b514f294,male,Guillermo,2013-07-29
67cb1c97fceaf3c5b514f295,female,Ruslana,2019-03-23
67cb1c97fceaf3c5b514f296,female,Siiri,2021-08-27
67cb1c97fceaf3c5b514f297,male,Ramon,2016-12-08
67cb1c97fceaf3c5b514f298,female,Lylou,2009-01-27
67cb1c97fceaf3c5b514f299,female,Trinidad,2014-12-04
67cb1c97fceaf3c5b514f29a,male,Oremiv,2014-12-16
67cb1c97fceaf3c5b514f29b,female,Yolanda,2019-05-02
67cb1c97fceaf3c5b514f29c,female,Maïwenn,2017-05-27
67cb1c97fceaf3c5b514f29d,male,Cameron,2002-09-17
67cb1c97fceaf3c5b514f29e,male,Borja,2017-01-14
67cb1c97fceaf3c5b514f29f,female,Sharita,2021-12-02
67cb1c97fceaf3c5b514f2a0,male,Gabriel,2021-01-15
67cb1c97fceaf3c5b514f2a1,male,Roman,2011-07-13
67cb1c97fceaf3c5b514f2a2,male,Mehmet,2011-06-11
67cb1c97fceaf3c5b514f2a3,male,Parth,2015-05-02
67cb1c97fceaf3c5b514f2a4,male,Victor,2020-12-04
67cb1c97fceaf3c5b514f2a5,male,Shaun,2002-11-02
67cb1c97fceaf3c5b514f2a6,male,Antenor,2017-07-16
67cb1c97fceaf3c5b514f2a7,male,Vincent,2015-01-27
67cb1c97fceaf3c5b514f2a8,female,Seline,2021-11-03
67cb1c97fceaf3c5b514f2a9,female,Letitia,2002-08-25
67cb1c97fceaf3c5b514f2aa,female,Avery,2014-01-15
67cb1c97fceaf3c5b514f2ab,male,Darryl,2019-05-23
67cb1c97fceaf3c5b514f2ac,female,Javeria,2020-06-16
67cb1c97fceaf3c5b514f2ad,female,Rekha,2004-07-04
67cb1c97fceaf3c5b514f2ae,female,Branka,2016-02-18
67cb1c97fceaf3c5b514f2af,male,Ricardo,2004-03-04
67cb1c97fceaf3c5b514f2b0,male,Julian,2017-06-18
67cb1c97fceaf3c5b514f2b1,female,Annick,2017-05-11
67cb1c97fceaf3c5b514f2b2,female,Leci,2021-10-03
67cb1c97fceaf3c5b514f2b3,male,سینا,2020-04-22
67cb1c97fceaf3c5b514f2b4,male,Tom,2002-04-30
67cb1c97fceaf3c5b514f2b5,male,Akseli,2018-02-08
67cb1c97fceaf3c5b514f2b6,female,Nina,2006-09-20
67cb1c97fceaf3c5b514f2b7,female,Silvana,2018-09-17
67cb1c97fceaf3c5b514f2b8,female,Jesús,2016-05-25
67cb1c97fceaf3c5b514f2b9,male,Aziz,2011-03-08
67cb1c97fceaf3c5b514f2ba,female,Isabelle,2002-09-04
67cb1c97fceaf3c5b514f2bb,male,Zeferino,2008-06-24
67cb1c97fceaf3c5b514f2bc,male,Ali,2004-01-21
67cb1c97fceaf3c5b514f2bd,female,Magnólia,2008-07-06
67cb1c97fceaf3c5b514f2be,female,Chloe,2013-03-20
67cb1c97fceaf3c5b514f2bf,female,Nicole,2011-11-04
67cb1c97fceaf3c5b514f2c0,male,مانی,2002-06-24
67cb1c97fceaf3c5b514f2c1,female,Carine,2021-03-03
67cb1c97fceaf3c5b514f2c2,male,Eemil,2021-06-30
67cb1c97fceaf3c5b514f2c3,male,Micha,2008-01-16
67cb1c97fceaf3c5b514f2c4,male,Tjarco,2015-05-06
67cb1c97fceaf3c5b514f2c5,female,Aurora,2013-01-15
67cb1c97fceaf3c5b514f2c6,male,Dinarte,2019-10-18
67cb1c97fceaf3c5b514f2c7,female,Anastasija,2014-09-13
67cb1c97fceaf3c5b514f2c8,female,Irene,2002-07-14
67cb1c97fceaf3c5b514f2c9,male,علی,2004-04-30
67cb1c97fceaf3c5b514f2ca,female,Tilde,2013-03-22
67cb1c97fceaf3c5b514f2cb,female,Debra,2004-02-13
67cb1c97fceaf3c5b514f2cc,female,Rafaele,2016-12-31
67cb1c97fceaf3c5b514f2cd,male,Boško,2020-07-22
67cb1c97fceaf3c5b514f2ce,female,Maria,2010-09-29
67cb1c97fceaf3c5b514f2cf,male,Balendra,2021-11-29
67cb1c97fceaf3c5b514f2d0,female,Mackenzie,2022-04-10
67cb1c97fceaf3c5b514f2d1,female,Matilda,2019-06-27
67cb1c97fceaf3c5b514f2d2,male,Harry,2021-01-24
67cb1c97fceaf3c5b514f2d3,female,Carolina,2018-03-03
67cb1c97fceaf3c5b514f2d4,female,Hannah,2010-04-27
67cb1c97fceaf3c5b514f2d5,female,Gisele,2005-03-17
67cb1c97fceaf3c5b514f2d6,female,Kamile,2005-06-20
67cb1c97fceaf3c5b514f2d7,male,Ege,2008-02-08
67cb1c97fceaf3c5b514f2d8,female,Marisol,2008-09-17
67cb1c97fceaf3c5b514f2d9,male,Fausto,2007-12-27
67cb1c97fceaf3c5b514f2da,female,Michele,2015-03-21
67cb1c97fceaf3c5b514f2db,male,Juho,2002-04-10
67cb1c97fceaf3c5b514f2dc,male,Veeti,2011-12-01
67cb1c97fceaf3c5b514f2dd,female,Melinda,2009-02-01
67cb1c97fceaf3c5b514f2de,male,Benjamin,2009-11-25
67cb1c97fceaf3c5b514f2df,female,Zênia,2004-04-04
67cb1c97fceaf3c5b514f2e0,female,Boguslava,2018-06-08
67cb1c97fceaf3c5b514f2e1,female,Lola,2002-12-05
67cb1c97fceaf3c5b514f2e2,female,Taara,2011-03-04
67cb1c97fceaf3c5b514f2e3,female,Julija,2011-05-24
67cb1c97fceaf3c5b514f2e4,male,Raúl,2006-08-16
67cb1c97fceaf3c5b514f2e5,male,Samuel,2010-11-29
67cb1c97fceaf3c5b514f2e6,male,Johnny,2018-08-04
67cb1c97fceaf3c5b514f2e7,female,Nicole,2005-08-20
67cb1c97fceaf3c5b514f2e8,male,Thijmen,2014-09-08
67cb1c97fceaf3c5b514f2e9,female,Lumi,2015-04-16
67cb1c97fceaf3c5b514f2ea,female,Gopika,2022-03-21
67cb1c97fceaf3c5b514f2eb,male,Mike,2017-08-27
67cb1c97fceaf3c5b514f2ec,female,Alicia,2010-03-25
67cb1c97fceaf3c5b514f2ed,female,مهرسا,2017-12-28
67cb1c97fceaf3c5b514f2ee,female,Mélody,2019-12-30
67cb1c97fceaf3c5b514f2ef,male,Marcel,2014-11-01
67cb1c97fceaf3c5b514f2f0,female,Talytha,2021-03-22
67cb1c97fceaf3c5b514f2f1,male,Viljami,2009-04-09
67cb1c97fceaf3c5b514f2f2,female,Troyana,2017-01-10
67cb1c97fceaf3c5b514f2f3,male,Magnus,2004-11-18
67cb1c97fceaf3c5b514f2f4,male,Oliver,2013-01-23
67cb1c97fceaf3c5b514f2f5,male,میلاد,2004-06-17
67cb1c97fceaf3c5b514f2f6,male,Horst-Dieter,2021-07-08
67cb1c97fceaf3c5b514f2f7,male,Derrick,2017-11-20
67cb1c97fceaf3c5b514f2f8,male,Rushil,2002-09-25
67cb1c97fceaf3c5b514f2f9,male,Ljubisav,2008-02-11
67cb1c97fceaf3c5b514f2fa,female,الینا,2013-12-26
67cb1c97fceaf3c5b514f2fb,male,Yaromil,2016-08-02
67cb1c97fceaf3c5b514f2fc,female,Ashley,2005-11-10
67cb1c97fceaf3c5b514f2fd,male,Marshall,2015-07-22
67cb1c97fceaf3c5b514f2fe,female,Alexandra,2007-09-20
67cb1c97fceaf3c5b514f2ff,female,محیا,2009-12-20
67cb1c97fceaf3c5b514f300,female,Ronja,2011-08-07
67cb1c97fceaf3c5b514f301,female,Néia,2009-07-13
67cb1c97fceaf3c5b514f302,male,Alvin,2010-04-14
67cb1c97fceaf3c5b514f303,male,Jeremy,2018-03-05
67cb1c97fceaf3c5b514f304,male,Eino,2004-02-16
67cb1c97fceaf3c5b514f305,female,Juliette,2006-03-30
67cb1c97fceaf3c5b514f306,female,Anna,2010-02-02
67cb1c97fceaf3c5b514f307,male,Nihal,2007-04-19
67cb1c97fceaf3c5b514f308,female,Mishka,2002-07-13
67cb1c97fceaf3c5b514f309,male,Uglješa,2016-02-06
67cb1c97fceaf3c5b514f30a,female,Lakshmi,2008-05-12
67cb1c97fceaf3c5b514f30b,female,Elsa,2013-03-11
67cb1c97fceaf3c5b514f30c,female,Harper,2015-03-14
67cb1c97fceaf3c5b514f30d,male,Lawrence,2019-01-17
67cb1c97fceaf3c5b514f30e,female,Anahita,2019-03-19
67cb1c97fceaf3c5b514f30f,female,Felecia,2017-03-29
67cb1c97fceaf3c5b514f310,male,Daniel,2019-05-08
67cb1c97fceaf3c5b514f311,male,Samu,2006-05-14
67cb1c97fceaf3c5b514f312,female,Martine,2016-05-24
67cb1c97fceaf3c5b514f313,female,Lily,2019-01-18
67cb1c97fceaf3c5b514f314,male,Nathan,2002-09-30
67cb1c97fceaf3c5b514f315,female,Enni,2014-07-10
67cb1c97fceaf3c5b514f316,male,Kyle,2008-01-14
67cb1c97fceaf3c5b514f317,female,بهار,2020-10-25
67cb1c97fceaf3c5b514f318,female,Léia,2017-12-29
67cb1c97fceaf3c5b514f319,male,Troy,2013-12-31
67cb1c97fceaf3c5b514f31a,male,Dharun,2006-01-19
67cb1c97fceaf3c5b514f31b,male,Batko,2013-03-25
67cb1c97fceaf3c5b514f31c,male,Enver,2019-06-29
67cb1c97fceaf3c5b514f31d,female,Tatiana,2002-07-05
67cb1c97fceaf3c5b514f31e,male,Chad,2008-11-30
67cb1c97fceaf3c5b514f31f,male,مهدي,2010-04-19
67cb1c97fceaf3c5b514f320,male,Sergio,2016-03-23
67cb1c97fceaf3c5b514f321,female,Lea,2007-12-22
67cb1c97fceaf3c5b514f322,male,Magnus,2021-05-31
67cb1c97fceaf3c5b514f323,male,Simon,2021-01-01
67cb1c97fceaf3c5b514f324,male,Ole,2010-01-08
67cb1c97fceaf3c5b514f325,male,آرسین,2020-07-20
67cb1c97fceaf3c5b514f326,male,Alfredo,2004-02-18
67cb1c97fceaf3c5b514f327,male,Zachary,2006-10-10
67cb1c97fceaf3c5b514f328,female,Aubrey,2011-09-23
67cb1c97fceaf3c5b514f329,male,Fabien,2017-01-10
67cb1c97fceaf3c5b514f32a,male,Luukas,2004-10-25
67cb1c97fceaf3c5b514f32b,female,Eevi,2004-03-02
67cb1c97fceaf3c5b514f32c,female,Margot,2016-11-25
67cb1c97fceaf3c5b514f32d,female,Ella,2013-06-02
67cb1c97fceaf3c5b514f32e,male,Pilar,2009-01-21
67cb1c97fceaf3c5b514f32f,male,Howard,2021-09-02
67cb1c97fceaf3c5b514f330,female,Galina,2019-01-03
67cb1c97fceaf3c5b514f331,female,Emmeline,2003-08-26
67cb1c97fceaf3c5b514f332,male,Serdar,2004-02-12
67cb1c97fceaf3c5b514f333,female,Maja,2002-09-25
67cb1c97fceaf3c5b514f334,male,Aćim,2010-10-07
67cb1c97fceaf3c5b514f335,male,Harry,2008-07-05
67cb1c97fceaf3c5b514f336,female,فاطمه زهرا,2008-02-18
67cb1c97fceaf3c5b514f337,female,Jasmina,2020-07-20
67cb1c97fceaf3c5b514f338,male,Nenad,2009-08-06
67cb1c97fceaf3c5b514f339,male,Remco,2003-03-08
67cb1c97fceaf3c5b514f33a,female,رها,2003-12-24
67cb1c97fceaf3c5b514f33b,male,Clayton,2012-10-26
67cb1c97fceaf3c5b514f33c,male,Leandro,2002-10-06
67cb1c97fceaf3c5b514f33d,female,Jannita,2007-03-05
67cb1c97fceaf3c5b514f33e,female,Eden,2014-12-25
67cb1c97fceaf3c5b514f33f,male,Kelvin,2004-01-03
67cb1c97fceaf3c5b514f340,male,Marcus,2018-12-29
67cb1c97fceaf3c5b514f341,female,Genesis,2010-11-03
67cb1c97fceaf3c5b514f342,female,Madeleine,2016-04-11
67cb1c97fceaf3c5b514f343,male,Cory,2015-10-06
67cb1c97fceaf3c5b514f344,male,Splinter,2020-05-28
67cb1c97fceaf3c5b514f345,female,Vildan,2016-05-05
67cb1c97fceaf3c5b514f346,male,Thomas,2004-09-16
67cb1c97fceaf3c5b514f347,female,آیناز,2003-04-04
67cb1c97fceaf3c5b514f348,male,Gamaliel,2017-10-03
67cb1c97fceaf3c5b514f349,male,Brain,2014-07-16
67cb1c97fceaf3c5b514f34a,female,Mila,2015-11-03
67cb1c97fceaf3c5b514f34b,female,Bella,2012-02-23
67cb1c97fceaf3c5b514f34c,male,Oscar,2012-10-17
67cb1c97fceaf3c5b514f34d,male,Landon,2011-07-31
67cb1c97fceaf3c5b514f34e,female,Christy,2009-08-03
67cb1c97fceaf3c5b514f34f,female,Allison,2011-01-30
67cb1c97fceaf3c5b514f350,male,Heini,2022-03-30
67cb1c97fceaf3c5b514f351,male,Evangelos,2007-04-05
67cb1c97fceaf3c5b514f352,male,Max,2010-01-23
67cb1c97fceaf3c5b514f353,female,Selin,2020-06-16
67cb1c97fceaf3c5b514f354,male,David,2004-02-06
67cb1c97fceaf3c5b514f355,female,Chloe,2022-02-21
67cb1c97fceaf3c5b514f356,male,Dragoje,2014-09-20
67cb1c97fceaf3c5b514f357,male,Elliott,2021-12-03
67cb1c97fceaf3c5b514f358,female,Alice,2017-11-25
67cb1c97fceaf3c5b514f359,female,Vladana,2006-01-02
67cb1c97fceaf3c5b514f35a,male,Christian,2021-08-22
67cb1c97fceaf3c5b514f35b,female,Esther,2015-11-07
67cb1c97fceaf3c5b514f35c,female,Paula,2002-08-05
67cb1c97fceaf3c5b514f35d,male,Marius,2003-01-13
67cb1c97fceaf3c5b514f35e,male,Johann,2014-05-28
67cb1c97fceaf3c5b514f35f,female,Saranya,2022-04-01
67cb1c97fceaf3c5b514f360,female,Catherine,2012-06-16
67cb1c97fceaf3c5b514f361,male,Ahmad,2012-05-10
67cb1c97fceaf3c5b514f362,male,Tomothy,2018-10-11
67cb1c97fceaf3c5b514f363,female,Marisa,2009-07-21
67cb1c97fceaf3c5b514f364,male,آرش,2012-10-31
67cb1c97fceaf3c5b514f365,male,Aleksi,2020-08-12
67cb1c97fceaf3c5b514f366,female,Ella,2005-10-05
67cb1c97fceaf3c5b514f367,male,Tracy,2006-08-27
67cb1c97fceaf3c5b514f368,female,Zoé,2021-10-18
67cb1c97fceaf3c5b514f369,male,Pedro,2002-12-29
67cb1c97fceaf3c5b514f36a,male,Erwan,2004-08-08
67cb1c97fceaf3c5b514f36b,male,Önal,2017-05-24
67cb1c97fceaf3c5b514f36c,female,Meghan,2015-10-29
67cb1c97fceaf3c5b514f36d,female,Kübra,2015-11-23
67cb1c97fceaf3c5b514f36e,female,Latife,2009-08-23
67cb1c97fceaf3c5b514f36f,female,Gonca,2006-02-22
67cb1c97fceaf3c5b514f370,female,Eugenia,2008-02-13
67cb1c97fceaf3c5b514f371,male,Esteban,2003-10-09
67cb1c97fceaf3c5b514f372,female,Ustina,2002-07-11
67cb1c97fceaf3c5b514f373,male,Flenn,2003-12-19
67cb1c97fceaf3c5b514f374,male,Brett,2009-11-09
67cb1c97fceaf3c5b514f375,male,Philipp,2006-06-16
67cb1c97fceaf3c5b514f376,female,Fabienne,2006-06-07
67cb1c97fceaf3c5b514f377,male,Panagiotis,2002-08-04
67cb1c97fceaf3c5b514f378,female,Margarita,2002-10-02
67cb1c97fceaf3c5b514f379,female,Alaídes,2021-09-02
67cb1c97fceaf3c5b514f37a,female,Zoé,2012-07-13
67cb1c97fceaf3c5b514f37b,female,Victoria,2012-12-23
67cb1c97fceaf3c5b514f37c,female,Lisa,2012-06-12
67cb1c97fceaf3c5b514f37d,male,Cornelius,2003-03-08
67cb1c97fceaf3c5b514f37e,female,Sanna,2010-09-15
67cb1c97fceaf3c5b514f37f,female,Sonia,2007-10-09
67cb1c97fceaf3c5b514f380,female,Lucille,2002-09-03
67cb1c97fceaf3c5b514f381,female,Marie,2016-10-07
67cb1c97fceaf3c5b514f382,male,Jonathan,2002-12-16
67cb1c97fceaf3c5b514f383,female,Luus,2017-12-28
67cb1c97fceaf3c5b514f384,female,Gundel,2013-09-03
67cb1c97fceaf3c5b514f385,female,Andrea,2004-06-11
67cb1c97fceaf3c5b514f386,female,Concepción,2018-02-07
67cb1c97fceaf3c5b514f387,female,Mar,2017-04-15
67cb1c97fceaf3c5b514f388,female,Cathy,2014-07-12
67cb1c97fceaf3c5b514f389,male,Oscar,2003-01-15
67cb1c97fceaf3c5b514f38a,male,Baldur,2008-05-05
67cb1c97fceaf3c5b514f38b,female,Samantha,2012-12-14
67cb1c97fceaf3c5b514f38c,female,June,2013-07-13
67cb1c97fceaf3c5b514f38d,male,Viljami,2009-10-03
67cb1c97fceaf3c5b514f38e,female,Vanessa,2004-10-27
67cb1c97fceaf3c5b514f38f,female,Wanda,2018-04-30
67cb1c97fceaf3c5b514f390,female,Annette,2014-04-13
67cb1c97fceaf3c5b514f391,male,Jeremiah,2007-11-18
67cb1c97fceaf3c5b514f392,female,Ishika,2016-07-23
67cb1c97fceaf3c5b514f393,female,Tabita,2007-02-24
67cb1c97fceaf3c5b514f394,male,Gregory,2013-03-28
67cb1c97fceaf3c5b514f395,female,Maria,2014-07-13
67cb1c97fceaf3c5b514f396,male,Are,2013-08-03
67cb1c97fceaf3c5b514f397,male,Ullrich,2005-06-01
67cb1c97fceaf3c5b514f398,male,Karl,2018-12-13
67cb1c97fceaf3c5b514f399,male,Clyde,2012-09-12
67cb1c97fceaf3c5b514f39a,female,Estefanía,2018-05-14
67cb1c97fceaf3c5b514f39b,female,Poppy,2009-02-28
67cb1c97fceaf3c5b514f39c,male,Svetozar,2007-03-30
67cb1c97fceaf3c5b514f39d,male,Serge,2008-04-10
67cb1c97fceaf3c5b514f39e,female,Bella,2011-08-15
67cb1c97fceaf3c5b514f39f,male,Tobias,2014-03-23
67cb1c97fceaf3c5b514f3a0,male,Edmundo,2016-10-18
67cb1c97fceaf3c5b514f3a1,female,Alix,2020-08-09
67cb1c97fceaf3c5b514f3a2,female,Ülkü,2003-04-02
67cb1c97fceaf3c5b514f3a3,male,Alex,2013-12-24
67cb1c97fceaf3c5b514f3a4,male,João,2007-12-01
67cb1c97fceaf3c5b514f3a5,female,Michele,2013-06-28
67cb1c97fceaf3c5b514f3a6,female,Paulette,2003-04-01
67cb1c97fceaf3c5b514f3a7,female,Nevaeh,2013-08-21
67cb1c97fceaf3c5b514f3a8,female,Gabriella,2007-07-03
67cb1c97fceaf3c5b514f3a9,male,Eemil,2003-04-09
67cb1c97fceaf3c5b514f3aa,male,Tanmay,2010-04-22
67cb1c97fceaf3c5b514f3ab,male,Claude,2007-03-02
67cb1c97fceaf3c5b514f3ac,female,Adele,2022-02-18
67cb1c97fceaf3c5b514f3ad,female,Vesna,2004-04-08
67cb1c97fceaf3c5b514f3ae,male,Bartolomeu,2017-01-12
67cb1c97fceaf3c5b514f3af,male,Dylan,2020-02-01
67cb1c97fceaf3c5b514f3b0,female,Samsam,2015-12-03
67cb1c97fceaf3c5b514f3b1,male,Bogdan,2017-02-06
67cb1c97fceaf3c5b514f3b2,female,Margarita,2013-01-21
67cb1c97fceaf3c5b514f3b3,male,Deniz,2003-12-25
67cb1c97fceaf3c5b514f3b4,male,Vukan,2003-04-28
67cb1c97fceaf3c5b514f3b5,male,آرش,2021-02-21
67cb1c97fceaf3c5b514f3b6,female,Virginia,2011-04-30
67cb1c97fceaf3c5b514f3b7,female,Annamaria,2008-01-17
67cb1c97fceaf3c5b514f3b8,female,Marjorie,2018-08-30
67cb1c97fceaf3c5b514f3b9,female,Jeanne,2009-11-28
67cb1c97fceaf3c5b514f3ba,female,Selen,2007-09-24
67cb1c97fceaf3c5b514f3bb,male,Druso,2005-03-25
67cb1c97fceaf3c5b514f3bc,male,Arttu,2005-12-24
67cb1c97fceaf3c5b514f3bd,male,Nikolay,2014-10-13
67cb1c97fceaf3c5b514f3be,female,Eva,2006-11-22
67cb1c97fceaf3c5b514f3bf,male,Ivan,2012-12-18
67cb1c97fceaf3c5b514f3c0,female,Rosanna,2017-02-02
67cb1c97fceaf3c5b514f3c1,male,Aaron,2004-05-22
67cb1c97fceaf3c5b514f3c2,male,Ferran,2021-01-07
67cb1c97fceaf3c5b514f3c3,female,Neha,2012-01-18
67cb1c97fceaf3c5b514f3c4,male,Alexander,2014-10-14
67cb1c97fceaf3c5b514f3c5,male,Michal,2022-02-24
67cb1c97fceaf3c5b514f3c6,male,Rick,2004-05-05
67cb1c97fceaf3c5b514f3c7,female,آوا,2014-11-22
67cb1c97fceaf3c5b514f3c8,female,Lilly,2012-03-14
67cb1c97fceaf3c5b514f3c9,male,Alex,2020-03-12
67cb1c97fceaf3c5b514f3ca,female,Sigrid,2017-09-22
67cb1c97fceaf3c5b514f3cb,male,Nathan,2009-08-28
67cb1c97fceaf3c5b514f3cc,female,Martha,2015-03-25
67cb1c97fceaf3c5b514f3cd,male,Henry,2013-10-17
67cb1c97fceaf3c5b514f3ce,female,آیناز,2017-01-03
67cb1c97fceaf3c5b514f3cf,female,Angelique,2022-03-13
67cb1c97fceaf3c5b514f3d0,female,عسل,2020-08-31
67cb1c97fceaf3c5b514f3d1,female,Colette,2021-02-05
67cb1c97fceaf3c5b514f3d2,male,Bernard,2010-10-18
67cb1c97fceaf3c5b514f3d3,female,Lillian,2021-05-21
67cb1c97fceaf3c5b514f3d4,male,Hugo,2013-03-01
67cb1c97fceaf3c5b514f3d5,female,Maeva,2021-08-05
67cb1c97fceaf3c5b514f3d6,male,Dev,2014-02-22
67cb1c97fceaf3c5b514f3d7,female,Ege,2011-06-17
67cb1c97fceaf3c5b514f3d8,male,Mason,2017-07-11
67cb1c97fceaf3c5b514f3d9,male,Kuzey,2008-05-23
67cb1c97fceaf3c5b514f3da,male,Leonel,2017-08-21
67cb1c97fceaf3c5b514f3db,male,Keith,2020-12-10
67cb1c97fceaf3c5b514f3dc,female,Priska,2018-06-03
67cb1c97fceaf3c5b514f3dd,male,Erol,2017-04-22
67cb1c97fceaf3c5b514f3de,male,Jakov,2018-07-06
67cb1c97fceaf3c5b514f3df,female,Paige,2012-07-27
67cb1c97fceaf3c5b514f3e0,male,Marcos,2004-11-25
67cb1c97fceaf3c5b514f3e1,male,Christof,2016-09-10
67cb1c97fceaf3c5b514f3e2,female,Aubrey,2018-11-25
67cb1c97fceaf3c5b514f3e3,male,اميرمحمد,2005-03-11
67cb1c97fceaf3c5b514f3e4,male,Wisse,2004-12-16
67cb1c97fceaf3c5b514f3e5,female,Pinja,2010-01-04
67cb1c97fceaf3c5b514f3e6,male,Spas,2020-06-21
67cb1c97fceaf3c5b514f3e7,female,Özsu,2003-01-18
67cb1c97fceaf3c5b514f3e8,male,Koray,2020-09-26
67cb1c97fceaf3c5b514f3e9,male,Ódin,2017-07-09
67cb1c97fceaf3c5b514f3ea,female,Sofia,2003-03-02
67cb1c97fceaf3c5b514f3eb,male,اميرعلي,2015-03-27
67cb1c97fceaf3c5b514f3ec,male,Tristan,2009-05-15
67cb1c97fceaf3c5b514f3ed,female,Louisa,2003-08-30
67cb1c97fceaf3c5b514f3ee,female,Josephine,2017-01-19
67cb1c97fceaf3c5b514f3ef,female,Latife,2014-07-08
67cb1c97fceaf3c5b514f3f0,male,Bastião,2012-07-29
67cb1c97fceaf3c5b514f3f1,female,Irina,2008-07-27
67cb1c97fceaf3c5b514f3f2,female,Leana,2016-05-18
67cb1c97fceaf3c5b514f3f3,male,Elias,2021-09-28
67cb1c97fceaf3c5b514f3f4,female,Caroline,2004-10-04
67cb1c97fceaf3c5b514f3f5,female,Maëline,2005-06-02
67cb1c97fceaf3c5b514f3f6,male,Andrés,2018-05-14
67cb1c97fceaf3c5b514f3f7,male,Andreas,2009-01-19
67cb1c97fceaf3c5b514f3f8,male,Andrew,2018-09-04
67cb1c97fceaf3c5b514f3f9,male,Jelmer,2022-03-25
67cb1c97fceaf3c5b514f3fa,male,Theo,2016-12-01
67cb1c97fceaf3c5b514f3fb,male,سهیل,2002-11-12
67cb1c97fceaf3c5b514f3fc,male,Travis,2003-09-01
67cb1c97fceaf3c5b514f3fd,female,Elizaveta,2006-10-12
67cb1c97fceaf3c5b514f3fe,female,Hannah,2016-09-22
67cb1c97fceaf3c5b514f3ff,male,Hugo,2010-05-01
67cb1c97fceaf3c5b514f400,male,Connor,2020-01-24
67cb1c97fceaf3c5b514f401,male,Isaac,2010-06-04
67cb1c97fceaf3c5b514f402,female,Sowmya,2009-04-04
67cb1c97fceaf3c5b514f403,female,Wanda,2004-09-24
67cb1c97fceaf3c5b514f404,male,Dominic,2020-12-28
67cb1c97fceaf3c5b514f405,female,Stephania,2014-02-06
67cb1c97fceaf3c5b514f406,female,Ceyhan,2011-09-30
67cb1c97fceaf3c5b514f407,male,Thor,2014-05-07
67cb1c97fceaf3c5b514f408,female,Sina,2017-05-16
67cb1c97fceaf3c5b514f409,male,Nepobor,2005-11-19
67cb1c97fceaf3c5b514f40a,female,Antonija,2016-11-18
67cb1c97fceaf3c5b514f40b,female,Zorina,2015-01-06
67cb1c97fceaf3c5b514f40c,male,Taner,2002-05-06
67cb1c97fceaf3c5b514f40d,male,Jonás,2010-11-24
67cb1c97fceaf3c5b514f40e,female,Herminia,2010-01-12
67cb1c97fceaf3c5b514f40f,male,Johann,2003-11-01
67cb1c97fceaf3c5b514f410,female,Andrea,2014-09-15
67cb1c97fceaf3c5b514f411,male,Macit,2007-05-31
67cb1c97fceaf3c5b514f412,female,Asha,2017-02-01
67cb1c97fceaf3c5b514f413,female,نیایش,2006-05-16
67cb1c97fceaf3c5b514f414,female,Judith,2002-06-30
67cb1c97fceaf3c5b514f415,male,Korniy,2018-11-16
67cb1c97fceaf3c5b514f416,male,Jesse,2020-05-27
67cb1c97fceaf3c5b514f417,female,Lumi,2011-06-05
67cb1c97fceaf3c5b514f418,male,Chanakya,2010-12-03
67cb1c97fceaf3c5b514f419,male,Tristan,2008-08-15
67cb1c97fceaf3c5b514f41a,female,Graciela,2005-05-01
67cb1c97fceaf3c5b514f41b,male,Kenan,2018-06-17
67cb1c97fceaf3c5b514f41c,female,Carolyn,2010-06-04
67cb1c97fceaf3c5b514f41d,male,Darrell,2004-05-12
67cb1c97fceaf3c5b514f41e,male,Bradley,2019-08-04
67cb1c97fceaf3c5b514f41f,male,Vernidub,2010-03-01
67cb1c97fceaf3c5b514f420,male,Nachiket,2020-01-13
67cb1c97fceaf3c5b514f421,male,Omar,2004-04-27
67cb1c97fceaf3c5b514f422,female,Becky,2006-06-30
67cb1c97fceaf3c5b514f423,male,Anton,2018-02-04
67cb1c97fceaf3c5b514f424,female,Snežana,2021-08-13
67cb1c97fceaf3c5b514f425,male,مانی,2018-10-10
67cb1c97fceaf3c5b514f426,male,Antonino,2009-01-16
67cb1c97fceaf3c5b514f427,male,Raunak,2019-08-08
67cb1c97fceaf3c5b514f428,male,Pier,2005-02-23
67cb1c97fceaf3c5b514f429,female,Lumi,2022-04-03
67cb1c97fceaf3c5b514f42a,female,Hamida,2011-11-11
67cb1c97fceaf3c5b514f42b,male,António,2008-07-25
67cb1c97fceaf3c5b514f42c,female,Johanne,2015-08-27
67cb1c97fceaf3c5b514f42d,female,Isra,2012-12-31
67cb1c97fceaf3c5b514f42e,male,Genaro,2009-01-31
67cb1c97fceaf3c5b514f42f,male,Marcus,2016-09-18
67cb1c97fceaf3c5b514f430,male,Kilian,2007-01-30
67cb1c97fceaf3c5b514f431,female,تارا,2020-03-09
67cb1c97fceaf3c5b514f432,male,Hannes,2017-04-26
67cb1c97fceaf3c5b514f433,male,Aaron,2004-06-04
67cb1c97fceaf3c5b514f434,female,Sirene,2018-01-22
67cb1c97fceaf3c5b514f435,female,Deniz,2007-09-19
67cb1c97fceaf3c5b514f436,female,Miguelina,2013-02-01
67cb1c97fceaf3c5b514f437,female,Elly,2006-01-06
67cb1c97fceaf3c5b514f438,female,Meral,2013-04-24
67cb1c97fceaf3c5b514f439,female,Kayla,2002-09-09
67cb1c97fceaf3c5b514f43a,female,Vanessa,2009-05-30
67cb1c97fceaf3c5b514f43b,male,Anatolij,2022-04-30
67cb1c97fceaf3c5b514f43c,male,Perry,2011-07-18
67cb1c97fceaf3c5b514f43d,male,محمدامين,2002-05-02
67cb1c97fceaf3c5b514f43e,female,Liana,2006-06-10
67cb1c97fceaf3c5b514f43f,male,Konsta,2020-03-31
67cb1c97fceaf3c5b514f440,female,Margot,2016-11-23
67cb1c97fceaf3c5b514f441,male,Jayden,2022-04-05
67cb1c97fceaf3c5b514f442,female,Ninel,2010-11-01
67cb1c97fceaf3c5b514f443,female,Semiha,2002-08-10
67cb1c97fceaf3c5b514f444,female,Megan,2003-07-12
67cb1c97fceaf3c5b514f445,female,Vilma,2018-08-24
67cb1c97fceaf3c5b514f446,male,Isaac,2021-06-13
67cb1c97fceaf3c5b514f447,female,Karen,2004-02-24
67cb1c97fceaf3c5b514f448,male,Andy,2012-12-07
67cb1c97fceaf3c5b514f449,male,Connor,2009-02-13
67cb1c97fceaf3c5b514f44a,female,Meret,2011-03-14
67cb1c97fceaf3c5b514f44b,male,Nick,2021-11-21
67cb1c97fceaf3c5b514f44c,male,Lucas,2018-12-29
67cb1c97fceaf3c5b514f44d,female,Chloe,2008-10-24
67cb1c97fceaf3c5b514f44e,female,Nastasiya,2014-03-12
67cb1c97fceaf3c5b514f44f,female,Henny,2019-09-29
67cb1c97fceaf3c5b514f450,female,عسل,2003-01-31
67cb1c97fceaf3c5b514f451,female,Hana,2011-12-15
67cb1c97fceaf3c5b514f452,female,Caya,2015-11-16
67cb1c97fceaf3c5b514f453,male,Zenon,2005-10-17
67cb1c97fceaf3c5b514f454,male,Xavier,2002-12-21
67cb1c97fceaf3c5b514f455,female,Hafssa,2009-08-24
67cb1c97fceaf3c5b514f456,female,Arpitha,2018-02-12
67cb1c97fceaf3c5b514f457,male,Gonzalo,2002-11-09
67cb1c97fceaf3c5b514f458,male,Jacob,2003-10-14
67cb1c97fceaf3c5b514f459,female,Magdalena,2018-09-28
67cb1c97fceaf3c5b514f45a,female,Marina,2010-03-05
67cb1c97fceaf3c5b514f45b,male,Rubén,2017-04-19
67cb1c97fceaf3c5b514f45c,male,Arsénio,2019-07-29
67cb1c97fceaf3c5b514f45d,male,احسان,2004-03-01
67cb1c97fceaf3c5b514f45e,female,Leah,2003-05-26
67cb1c97fceaf3c5b514f45f,female,Maida,2004-08-01
67cb1c97fceaf3c5b514f460,male,Corneel,2020-06-07
67cb1c97fceaf3c5b514f461,female,Summer,2014-10-02
